Topic,Count,Name,Representation,Representative_Docs
-1,7758,-1_fur_habe_da_hatte,"['fur', 'habe', 'da', 'hatte', 'behandlung', 'keine', 'was', 'wenn', 'dann', 'kann']","['Die werden ganz sicher in Ordnung sein. - Wenn man aber - trotz Termin - und das leider bei jedem meiner Besuche, zwischen 11/2 und 2/12 Stunden Wartezeit als Selbstverständlich in Kauf nehmen soll, dann darf man sicherlich fragen wer für diese Inkompetenz verantwortlich ist: Arzt oder Sprechstundenpersonal?', 'Ärztin selbst zwar freundlich aber unnahbar man hat nicht das Gefühl, dass sich Zeit genommen wird sondern es soll möglichst schnell gehen und ohne Nachfragen bitte.', 'Konnte insoweit auch keine Abzocke feststellen (nix mit Unterschreiben Sie doch doch mal hier, dass wir den höchsten Satz abrechnen können) Fazit: Nach meinen Erfahrungen kompetent, aber man muss erst nachfragen, wenn man wissen will, wo die Erkrankung herkommt und was man evtl. tun kann, um vorzubeugen.']"
0,532,0_dann_was_sagte_hatte,"['dann', 'was', 'sagte', 'hatte', 'da', 'mal', 'schon', 'ja', 'habe', 'weil']","['Und dann musste ich dem Doktor erst noch beibringen was ich habe und was man da machen kann und nun will mir die Internetseite sagen dass es dort eine ""Psychosomatische Grundversorgung"" gibt?', 'Nachdem ich wieder kam da mein Sohn unter starken Juckreiz litt und sich die Ekzeme am ganzen Körper ausbreiteten, fragte Sie mich weshalb ich denn schon wieder da wäre, sie hätte ja schließlich das letzte Mal schon gesagt das es Dellwarzen wären und dies halt dauere.', 'Nach einigem hin und her musste ich vor der Praxis warten bis sie dann raus kam und mir nochmals sehr Pampig einen Zettel in die Hand drückte und sagte: ""Sie haben nur eine leichte Hausstauballergie!"" Und dann verschwand sie wieder in der Praxis.']"
1,410,1_dr_frau dr_frau_seit,"['dr', 'frau dr', 'frau', 'seit', 'jahren', 'herr dr', 'jahre', 'herrn dr', 'herrn', 'habe']","['spannend war, dass Frau Dr.', 'Tja, meine Zufriedenheit mit Frau Dr.', 'Ich habe mich in der Praxis von Frau Dr.']"
2,383,2_nimmt_zeit_viel zeit_nimmt zeit,"['nimmt', 'zeit', 'viel zeit', 'nimmt zeit', 'viel', 'erklart', 'genommen', 'patienten', 'fur', 'zeit nimmt']","['Sperling nimmt sich sehr viel Zeit für ihre Patienten und geht auf die einzelnen Bedürfnisse ein.', 'Nimmt sich sehr viel Zeit.', 'Sie nimmt sich sehr viel Zeit für den einzelnen Patienten!']"
3,324,3_freundlich_kompetent_nett_praxisteam,"['freundlich', 'kompetent', 'nett', 'praxisteam', 'zuvorkommend', 'hilfsbereit', 'team', 'freundlich kompetent', 'immer freundlich', 'arzthelferinnen']","['Er ist kompetent, sehr freundlich und humorvoll.', 'Der Arzt ist sehr kompetent und freundlich.', 'Er ist kompetent und freundlich.']"
4,292,4_diagnose_mrt_verschrieben_wurden,"['diagnose', 'mrt', 'verschrieben', 'wurden', 'meiner', 'op', 'festgestellt', 'knie', 'ultraschall', 'wochen']","['Genaue abtastung mit Diktat an seine Krankenschwester, Röntgenaufnahme, zwei Spritzen, exakte Befragung, gemeinsame Betrachtung der Röntgenaufnahmen, MRT und KG verschrieben.', 'Der neue Orthopäde, zu dem ich ging, fasste sich an den Kopf und schickte mich sofort zum MRT, bei dem diverse Bänderrisse und Sehnenprobleme festgestellt wurden.', 'Nicht zu empfehlen.....auf meinen Untersuchungswunsch wurde nicht groß eingegangen.....stattdessen wurde eine gut abzurechnende Hautkrebsvorsorgeuntersuchung als dringend erforderlich durchgeführt.....für mein Anliegen bekam ich zwei Salben verschrieben......als diese nicht halfen, war ein Folgetermin erst wieder in 8 Wochen möglich.......dazu sei bemerkt, dass ich den ersten Termin innerhalb einer Woche bekam.......vielen dank!!!!!']"
5,227,5_aufgehoben_fuhle_gefuhlt_fuhlte,"['aufgehoben', 'fuhle', 'gefuhlt', 'fuhlte', 'fuhlt', 'betreut', 'wohl', 'beraten', 'handen', 'ernst genommen']","['Haubrich fühle ich mich gut aufgehoben.', 'Ich fühle mich gut aufgehoben.', 'Fühle mich rundrum gut aufgehoben.']"
6,176,6_unfreundlich_arrogant_extrem_wirkt,"['unfreundlich', 'arrogant', 'extrem', 'wirkt', 'personal', 'teilweise', 'gegenuber', 'außerst', 'sprechstundenhilfen', 'genervt']","['Prinzipiell ist man oberlehrerhaft, rechthaberisch und unfreundlich.', 'Er ist so unfreundlich und unmenschlich.', 'Die Empfangsdame ist sehr unprofessionell Und unfreundlich']"
7,174,7_wartezeit_minuten_stunden_gewartet,"['wartezeit', 'minuten', 'stunden', 'gewartet', 'trotz', 'warten', 'lange', 'stunde', 'wartezeiten', 'min']","['2 Stunden Wartezeit war bei mir die Regel mit Termin.', 'Die Wartezeit lag für meine Besuche durchschnittlich bei ~5 Minuten.', 'Wartezeit trotz Termin von bis zu 2 Stunden.']"
8,156,8_dr_herrn dr_herrn_frau dr,"['dr', 'herrn dr', 'herrn', 'frau dr', 'frau', 'fr', 'empfehlung', 'herr dr', 'habe', 'herr']","['Als ich die Praxis Dr.', 'ich war nicht bei Dr.', 'Dr Haffner und Frau Dr.']"
9,136,9_empfehlen_weiterempfehlen_kann_kann diese,"['empfehlen', 'weiterempfehlen', 'kann', 'kann diese', 'weiter', 'diese', 'diesen', 'ihn', 'diese arztin', 'fall']","['Rendant kann ich nur empfehlen.', 'Kann ich im Problemfall nicht empfehlen.', 'Hache kann ich nur wärmstens empfehlen.']"
10,110,10_katastrophe_erreichbarkeit_große_schlecht,"['katastrophe', 'erreichbarkeit', 'große', 'schlecht', 'eindruck', 'positiv', 'behandlung', 'leider', 'fand', 'erste']","['Das Terminmanagement durch das Praxisteam ist eine Katastrophe.', 'Eine Katastrophe ist die Erreichbarkeit der Praxis.', 'Auch telefonische Erreichbarkeit eine Katastrophe.']"
11,81,11_zufrieden_behandlung_immer_gewesen,"['zufrieden', 'behandlung', 'immer', 'gewesen', 'allem', 'ihr', 'voll', 'insgesamt', 'bisher', 'rundum']","['Ich bin mehr als zufrieden!', 'Karlheinz Freidrich - und bin vollstens zufrieden.', 'Demberg war ich sehr zufrieden.']"
12,71,12_werde_hingehen_gehe_wieder,"['werde', 'hingehen', 'gehe', 'wieder', 'nie wieder', 'hin', 'nie', 'dort', 'werde diese', 'gehen']","['Ich werde dort nicht wieder hingehen!', 'Ich werde dort nie wieder hin gehen und kann sie auch nicht empfehlen!', 'Werde da nie wieder hingehen!']"
13,69,13_tag_vereinbart_wochen_bekommen,"['tag', 'vereinbart', 'wochen', 'bekommen', 'nachsten tag', 'nachsten', 'habe', 'erhalten', 'tagen', 'innerhalb']","['Praxisorganisation: Ich hatte um den ersten Termin am Tag gebeten und den auch bekommen.', 'Habe Termin vereinbart zur Wiedervorstelllung .', 'Ich habe einen Termin gleich am nächsten Tag bekommen.']"
14,67,14_schnelle_kompetente_gute_terminvergabe,"['schnelle', 'kompetente', 'gute', 'terminvergabe', 'freundliches', 'wartezeit', 'freundliche', 'team', 'beratung', 'super']","['Schnelle flexible Terminvergabe, zentrale Lage, gute Beratung und Behandlung.', 'schnelle Terminvergabe, kurze Wartezeit, kompetente Beratung, angenehme Behandlung', 'Schnelle Terminvergabe (samt Folgeterminen), kurze Wartezeit und sehr freundliche und professionelle Behandlung!']"
15,60,15_ware_hatte_konnen_wenn,"['ware', 'hatte', 'konnen', 'wenn', 'hatte schon', 'gewesen', 'beste', 'konnte', 'ja', 'halten']","['Das hätte mir evtl. ein Darmverschluss vermeiden können.', 'Das hätte ich mir schenken können.', 'Das wäre sehr schön, wenn es denn so gewesen wäre...']"
16,59,16_gegenuber_patienten_doch_verhalten,"['gegenuber', 'patienten', 'doch', 'verhalten', 'leistungen', 'bewertungen', 'kann', 'was', 'gibt', 'symptome']","['Zudem hat sich der Arzt mir gegenüber ziemlich arrogant verhalten: Ich hatte von einem Krankheitsgeschehen berichtet und es fachlich nicht ganz korrekt dargestellt und seine Korrektur kam ziemlich arrogant daher.', 'An der Freundlichkeit dem Mensch gegenüber und sei es nur die Fähigkeit einen Tagesgruss zu erwidern.', 'Zwar bin ich sehr aufgeschlossen gegenüber alternativen Behandlungsmethoden, doch dies war mir doch zu abwegig und ging an der Wirklichkeit total vorbei.']"
17,56,17_statt_wurden_mehrere_keine,"['statt', 'wurden', 'mehrere', 'keine', 'behandlungen', 'bestatigt', 'waren', 'konnten', 'mrt', 'dabei']","['Es findet zu wenig Behandlung statt.', 'Es werden keine Fragen zugelassen, ein vertrauensvolles Gespräch findet nicht statt.', 'Es findet keine Beratung statt.']"
18,55,18_dr_herrn dr_mal_herrn,"['dr', 'herrn dr', 'mal', 'herrn', 'heute', 'frau dr', 'ersten', 'erste', 'frau', 'behandlung']","['Im Jahr 2008 kam ich auf Empfehlung das erste Mal zu Herrn Dr.', 'Ich war dieses Jahr das erste Mal bei Herrn Dr.', 'Ich war heute das erste mal in der Praxis von Frau Dr.']"
19,55,19_froh_gefunden_endlich_nachhinein,"['froh', 'gefunden', 'endlich', 'nachhinein', 'begeistert', 'finden', 'behandlung', 'dort', 'kompetente', 'kompetente arztin']","['Ich bin froh, dass ich nun eine kompetente Ärztin gefunden habe, zu der ich jährlich gehen kann.', 'Bin froh diesen Arzt gefunden zu haben.', 'Ich bin sehr froh, dass wir bei ihr in Behandlung sein dürfen.']"
20,54,20_gefuhl_eindruck_hatte gefuhl_unter,"['gefuhl', 'eindruck', 'hatte gefuhl', 'unter', 'druck', 'gar', 'seine', 'hatte', 'will', 'patienten']","['Ich hatte das Gefühl ich störe und er würde seine Zeit lieber mit etwas Interessanterem verbringen.', 'Ich hatte das Gefühl als wenn ich ihn störe.', 'Wahr ist, dass man nicht das Gefühl hat nur abgewickelt zu werden.']"
21,54,21_seit_jahren_schon seit_seit jahren,"['seit', 'jahren', 'schon seit', 'seit jahren', 'dr', 'schon', 'seit uber', 'frau', 'frau dr', 'jahre']","['Engl bin ich schon seit Jahren mit unterschiedlichen Krankheitsbildern in Behandlung.', 'Ich bin schon seit Jahren in der Praxis.', 'Ich bin bei Frau Hermes schon seit Jahren in Behandlung.']"
22,50,22_nie_habe nie_erlebt_habe,"['nie', 'habe nie', 'erlebt', 'habe', 'leben', 'kennengelernt', 'selten', 'erlebt habe', 'gefuhlt', 'behandelt']","['So ein tolles Rundumpaket, wie bei diesem Arzt, habe ich noch nie erlebt.', 'Aber solch eine Interessenlosigkeit am Patienten habe ich nie erlebt.', 'Ich habe noch nie einen so unfreundlichen und unverschämten Arzt erlebt !']"
23,48,23_starke_starke schmerzen_schmerzen_anderen,"['starke', 'starke schmerzen', 'schmerzen', 'anderen', 'diagnose', 'hatte', 'tagen', 'schulter', 'seid', 'weil']","['Hatte seit 2 Jahren sehr starke Schmerzen an meiner linken Schulter.', 'Ich habe mich heute morgen bei der Arbeit verhoben und hatte ganz plötzlich starke Schmerzen im rechten Rippenbereich.', 'Ich habe starke Schmerzen im Bereich des Unterleibs.']"
24,48,24_dank_vielen dank_team_vielen,"['dank', 'vielen dank', 'team', 'vielen', 'gesamte', 'danke', 'ganze', 'praxisteam', 'gesamten', 'herrn dr']","['Vielen Dank an das ganze Team!', 'Vielen Dank an das gesamte Team.', 'Vielen Dank an das gesamte Team!!!']"
25,40,25_ihm_erkannt_hilfe_geholfen,"['ihm', 'erkannt', 'hilfe', 'geholfen', 'kein', 'einfache', 'no go', 'go', 'jedenfalls', 'no']","['Das ist ein no Go.', 'Das ist jedenfalls keine Hilfe vom Profi :/', 'Ich habe von ihm keine Hilfe bekommen.']"
26,39,26_empfehle_wer_jedem_woanders,"['empfehle', 'wer', 'jedem', 'woanders', 'jedoch', 'hier', 'kann', 'gehen', 'werde diese', 'weiterempfehlen']","['Wer also schnell einen Termin benötigt aber keinen Wert auf Respekt und Freundlichkeit sowie Professionalität legt sollte in jedem Fall zu Herr Dr.', 'Ich empfehle die Praxis jedenfalls nicht weiter und kann nur jedem raten, der eine kompetente Diagnose benötigt, zu einem anderen Arzt zu gehen', 'Wer zahnärztliche Kompetenz braucht, sollte woanders suchen.']"
27,37,27_jahren_seit_zufrieden_vielen,"['jahren', 'seit', 'zufrieden', 'vielen', 'schon seit', 'seit jahren', 'einigen jahren', 'dort', 'schon', 'einigen']","['Bin schon seit einigen Jahren Patient dort und fühle mich immer wohl und gut aufgehoben !', 'In diese Zahnarztpraxis gehe ich schon seit einigen Jahren und war immer sehr zufrieden.', 'Wir sind seit 5 Jahren dort und sehr zufrieden.']"
28,34,28_weg_immer_therapie_doktor,"['weg', 'immer', 'therapie', 'doktor', 'bekommen', 'frau doktor', 'geworden', 'schwester', 'richtige', 'uberweisung']","['Wenn es nicht besser wird dann möchte Ich zu Frau Doktor, die mir hoffentlich eine Überweisung gibt.', 'Haben sie Husten, geht einfach nicht weg - gehen Sie dann einfach weg von diese Dr.', 'Was immer er mir verschreibt oder auch an Therapie verschreibt, es hat bis jetzt immer geholfen.']"
29,33,29_leider_leider habe_schlimme_leider kann,"['leider', 'leider habe', 'schlimme', 'leider kann', 'eingegangen', 'falsche', 'scheint', 'keine', 'muss', 'falsche diagnose']","['Leider alles mehr Schein als Sein.', 'Leider ist die Praxis IMMER überfüllt.', 'Behandlungsziel wurde leider nicht erreicht.']"
30,33,30_kompetenter_freundlicher_guter_netter,"['kompetenter', 'freundlicher', 'guter', 'netter', 'sympathischer', 'herr', 'mann', 'augenarzt', 'vertrauen', 'fachlich']","['Plato ist ein fachlich kompetenter und freundlicher Arzt.', 'Burghardt ist ein freundlicher und kompetenter Arzt.', 'Boris Wiederholt ist ein sehr freundlicher- hilfsbereiter und kompetenter Augenmediziner !']"
31,32,31_wartezeiten_termine_haus_wartezeit,"['wartezeiten', 'termine', 'haus', 'wartezeit', 'lange', 'wenig', 'lang', 'menschen', 'keine', 'moglich']","['Kleiner Hinweis für alle Patienten: Es gibt ein Gerichtsurteil demzufolge man bei einer Terminabsprache maximal eine Wartezeit von 30 min. in Kauf nehmen muss!', 'Keine Termine, Behandlung nicht in der Reihenfolge des eintreffens daher lange Wartezeit in der Praxis.', 'Darüber hinaus sind die Wartezeiten in der Praxis trotz lange vorher geplantem Termin zur Schwangerschaftsvorsorge viel zu lang, man muss 1-2 Std einplanen.']"
32,30,32_suchen_neuen_werde_suche,"['suchen', 'neuen', 'werde', 'suche', 'anderen', 'gesucht', 'lieber', 'mussen', 'orthopaden', 'wechseln']","['Ich werde mir zum neuen Quartal einen neuen Arzt suchen.', 'Ich werde mir einen neuen Arzt suchen müssen.', 'Ich werde mir aufjedenfall einen neuen Arzt suchen!']"
33,29,33_dr_frau dr_aufgrund_frau,"['dr', 'frau dr', 'aufgrund', 'frau', 'eines', 'schmerzen', 'erkannt', 'herr dr', 'zwei', 'jetzt']","['Meine Tochter hatte eine längere aber sehr wirkungsvolle Behandlung eines Kreuz- und Überbisses bei Frau Dr.', 'Als ich (49, Frau) wegen diffusen Haarausfalls und erheblicher physischer Schwäche bei Frau Dr.', 'War mit einer heftigen beidseitigen Virusinfektion der Hornhaut Patientin bei Frau Dr.']"
34,28,34_bewertungen_kann_bestatigen_schlechten,"['bewertungen', 'kann', 'bestatigen', 'schlechten', 'anderen patienten', 'verstehen', 'leider', 'anderen', 'erfahrungen', 'dieser kann']","['Ich kann die schlechten Bewertungen nur bestätigen.', 'Ich kann mich den archivierten kritischen Bewertungen nur anschließen.', 'Die negativen Bewertungen kann ich nicht bestätigen.']"
35,26,35_erlebt_habe nie_nie_etwas,"['erlebt', 'habe nie', 'nie', 'etwas', 'habe', 'sowas', 'erlebt habe', 'hab', 'selten', 'bisher']","['So etwas habe ich noch nie erlebt!', 'So etwas schlimmes habe ich noch nie erlebt!', 'So etwas habe ich noch nie erlebt...']"
36,25,36_unfreundlich_scheint_gestresst_arztin,"['unfreundlich', 'scheint', 'gestresst', 'arztin', 'meist', 'hektisch', 'etwas', 'arzthelferin', 'nimmt', 'fast']","['Es gibt keine Arzthelferin in dieser Praxis, ärzte arbeiten beide allein,völlig überfordert, Kompetenz bleibt auf der Strecke, unfreundlich ,gestresst ..', 'Hessberger wirkt meist leicht gestresst und bei der Aufklärung über eine Behandlung ist er etwas hektisch.', 'Trotz Termin 2 std wartezeit, die Empfangsdame ist sehr unfreundlich und scheint keine Lust auf ihren Job zu haben, die Gehilfin scheint genauso Lustlos zu sein, hygienisch unzumutbar, praxis zu klein für die Anzahl der aufgenommenen Patienten, eine Ärztin war sehr unfreundlich zu einer Patientin, ein absolutes NO GO!!!']"
37,24,37_uhr_15_30_12,"['uhr', '15', '30', '12', '17', '10', 'zwischen', 'gegen', '45', 'heute']","['Ich hatte einen Termin um 8.30 Uhr.', 'B. obwohl an der Rezeption die Öffnungszeit bis 15:30 Uhr angegeben wurde, die Praxis schon gegen 15:05 Uhr geschlossen war.', 'Ich rief um 8.00 Uhr in der Praxis an und bekam um 9.15 Uhr einen Termin.']"
38,22,38_kompetente_freundliche_freundliche arztin_arztin,"['kompetente', 'freundliche', 'freundliche arztin', 'arztin', 'kompetente arztin', 'zahnarztin', 'frau', 'gute', 'vertrauenswurdig', 'kann frau']","['Sehr kompetente, effektive und trotzdem freundliche Ärztin.', 'Sehr kompetente und freundliche Ärztin!', 'Lehmann ist eine kompetente, freundliche und einfühlsame Ärztin.']"
39,22,39_habe schnell_schnell_bekommen_habe,"['habe schnell', 'schnell', 'bekommen', 'habe', 'fehler', 'akute', 'vereinbaren', 'kurzfristig', 'notfall', 'verlassen']","['Ich habe schnell einen Termin bekommen.', 'Ich habe sehr schnell einen Termin bekommen.', 'Ich habe schnell einen Termin bekommen.']"
40,21,40_wenn_dran_kommen_kommt,"['wenn', 'dran', 'kommen', 'kommt', 'wartezeit', 'schnell', 'stunden', 'braucht', 'voll', 'positiv']","['Auch wenn man spontan vorbei kommt, kommt man an dem Tag noch dran...', 'Wir kommen meistens sehr schnell dran und wenn wir zu früh kommen, sind wir in der Regel eher dran.', 'Gerade wenn das Wartezimmer, so wie heute, so voll ist, dass kein Stuhl mehr frei ist und man dennoch innerhalb von zwei Stunden ohne Termin dran kommt, dann ist das schon ein guter Schnitt.']"
41,20,41_hinaus_fachlich_daruber hinaus_medizinischen,"['hinaus', 'fachlich', 'daruber hinaus', 'medizinischen', 'personlichen', 'zahnarzt', 'blick', 'patienten', 'ganzen', 'daruber']","['Ärzte mit Migrationshintergrund sollen über die deutsche Fachsprache hinaus sich sprachlich so weiterbilden, dass sie dem Anliegen der Patienten gerecht werden: profunde fachlich verständliche Patienteninformation gepaart mit zugewandter freundlicher und empathischer Kommunikationsfähigkeit.', 'Darüber hinaus ist er auch menschlich dem Patienten sehr zugewandt und an dessen Wohlbefinden merklich interessiert.', 'Sie sieht außerdem den ganzen Menschen und gibt darüber hinaus Ratschläge zum persönlichen Wohlergehen.']"
